INSERT INTO User (User_id, User_name, DOB, Role_id) values ('1133', 'Jason Kennedy' , NOW()-12, 2);
INSERT INTO User (User_id, User_name, DOB, Role_id) values ('1134', 'Laura Bertha' , NOW()-13, 2);
INSERT INTO User (User_id, User_name, DOB, Role_id) values ('1135', 'Bess Mike' , NOW()-14, 1);


INSERT INTO User (User_id, User_name, DOB, Role_id) values ('1136', 'Lorraine George' , NOW()-20, 2);
INSERT INTO User (User_id, User_name, DOB, Role_id) values ('1137', 'Norton Robinson' , NOW()-21, 2);
INSERT INTO User (User_id, User_name, DOB, Role_id) values ('1138', 'Jason Kennedy' , NOW()-22, 2);
INSERT INTO User (User_id, User_name, DOB, Role_id) values ('1139', 'Laura Bertha' , NOW()-23, 2);
INSERT INTO User (User_id, User_name, DOB, Role_id) values ('1140', 'Bess Mike' , NOW()-24, 1);

INSERT INTO User (User_id, User_name, DOB, Role_id) values ('1141', 'Lorraine George' , NOW()-30, 2);
INSERT INTO User (User_id, User_name, DOB, Role_id) values ('1142', 'Norton Robinson' , NOW()-31, 2);
INSERT INTO User (User_id, User_name, DOB, Role_id) values ('1143', 'Jason Kennedy' , NOW()-32, 2);
INSERT INTO User (User_id, User_name, DOB, Role_id) values ('1144', 'Laura Bertha' , NOW()-33, 2);
INSERT INTO User (User_id, User_name, DOB, Role_id) values ('1145', 'Bess Mike' , NOW()-34, 1);

INSERT INTO User (User_id, User_name, DOB, Role_id) values ('1146', 'Lorraine George' , NOW()-40, 2);


update User set addr_line1 = "1709 pig Dr" where User_id = "1133";
update User set addr_line2 = "Apt A" where User_id = "1133";
update User set city = "Schaumburg" where User_id = "1133";
update User set state = "Illinois" where User_id = "1133";
update User set zipcode = "60173" where User_id = "1133";

update User set addr_line1 = "6013 Sun Dr" where User_id = "1134";
update User set addr_line2 = "Apt A" where User_id = "1134";
update User set city = "Southfield" where User_id = "1134";
update User set state = "Michigan" where User_id = "1134";
update User set zipcode = "48235" where User_id = "1134";

update User set addr_line1 = "6013 Sun Dr" where User_id = "1135";
update User set addr_line2 = "Apt A" where User_id = "1135";
update User set city = "Southfield" where User_id = "1135";
update User set state = "Michigan" where User_id = "1135";
update User set zipcode = "48235" where User_id = "1135";


update User set addr_line1 = "4114 Sepulveda Blvd." where User_id = "1136";
update User set addr_line2 = "Apt B" where User_id = "1136";
update User set city = "Culver City" where User_id = "1136";
update User set state = "California" where User_id = "1136";
update User set zipcode = "90230" where User_id = "1136";

update User set addr_line1 = "4114 Sepulveda Blvd." where User_id = "1137";
update User set addr_line2 = "Apt B" where User_id = "1137";
update User set city = "Culver City" where User_id = "1137";
update User set state = "California" where User_id = "1137";
update User set zipcode = "90230" where User_id = "1137";

update User set addr_line1 = "4114 Sepulveda Blvd." where User_id = "1138";
update User set addr_line2 = "Apt C" where User_id = "1138";
update User set city = "Culver City" where User_id = "1138";
update User set state = "California" where User_id = "1138";
update User set zipcode = "90230" where User_id = "1138";

update User set addr_line1 = "4114 Sepulveda Blvd." where User_id = "1139";
update User set addr_line2 = "Apt C" where User_id = "1139";
update User set city = "Culver City" where User_id = "1139";
update User set state = "California" where User_id = "1139";
update User set zipcode = "90230" where User_id = "1139";

update User set addr_line1 = "4114 Sepulveda Blvd." where User_id = "1140";
update User set addr_line2 = "Apt C" where User_id = "1140";
update User set city = "Culver City" where User_id = "1140";
update User set state = "California" where User_id = "1140";
update User set zipcode = "90230" where User_id = "1140";

update User set addr_line1 = "4114 Sepulveda Blvd." where User_id = "1141";
update User set addr_line2 = "Apt C" where User_id = "1141";
update User set city = "Culver City" where User_id = "1141";
update User set state = "California" where User_id = "1141";
update User set zipcode = "90230" where User_id = "1141";

update User set addr_line1 = "4114 Sepulveda Blvd." where User_id = "1142";
update User set addr_line2 = "Apt D" where User_id = "1142";
update User set city = "Culver City" where User_id = "1142";
update User set state = "California" where User_id = "1142";
update User set zipcode = "90230" where User_id = "1142";

update User set addr_line1 = "4114 Sepulveda Blvd." where User_id = "1142";
update User set addr_line2 = "Apt D" where User_id = "1142";
update User set city = "Culver City" where User_id = "1142";
update User set state = "California" where User_id = "1142";
update User set zipcode = "90230" where User_id = "1142";

update User set addr_line1 = "4114 Sepulveda Blvd." where User_id = "1143";
update User set addr_line2 = "Apt D" where User_id = "1143";
update User set city = "Culver City" where User_id = "1143";
update User set state = "California" where User_id = "1143";
update User set zipcode = "90230" where User_id = "1143";

update User set addr_line1 = "4114 Sepulveda Blvd." where User_id = "1144";
update User set addr_line2 = "Apt E" where User_id = "1144";
update User set city = "Culver City" where User_id = "1144";
update User set state = "California" where User_id = "1144";
update User set zipcode = "90230" where User_id = "1144";

update User set addr_line1 = "4114 Sepulveda Blvd." where User_id = "1145";
update User set addr_line2 = "Apt E" where User_id = "1145";
update User set city = "Culver City" where User_id = "1145";
update User set state = "California" where User_id = "1145";
update User set zipcode = "90230" where User_id = "1145";

update User set addr_line1 = "4114 Sepulveda Blvd." where User_id = "1146";
update User set addr_line2 = "Apt E" where User_id = "1146";
update User set city = "Culver City" where User_id = "1146";
update User set state = "California" where User_id = "1146";
update User set zipcode = "90230" where User_id = "1146";


INSERT INTO Categories(
    Category_ID,
    Category_name
) values ('9', 'Movie');

INSERT INTO Categories(
    Category_ID,
    Category_name
) values ('10', 'Health Care');

INSERT INTO Categories(
    Category_ID,
    Category_name
) values ('11', 'Internship');

INSERT INTO Categories(
    Category_ID,
    Category_name
) values ('21', 'Grils');

INSERT INTO Categories(
    Category_ID,
    Category_name
) values ('22', 'Sports');

INSERT INTO Categories(
    Category_ID,
    Category_name
) values ('23', 'Daily life');

INSERT INTO Queries(
    Query_Id,
    Query_Desc,
    Posted_Date,
    User_id,
    Resolved,
    IsActive
) values ('15', 'Who have the telephone number of the captain of women basketball team?',now(),'1133', '1', '1');

INSERT INTO Queries(
    Query_Id,
    Query_Desc,
    Posted_Date,
    User_id,
    Resolved,
    IsActive
) values ('16', 'Who have the telephone number of the captain of women soccer team?',now(),'1133', '1', '1');

INSERT INTO Queries(
    Query_Id,
    Query_Desc,
    Posted_Date,
    User_id,
    Resolved,
    IsActive
) values ('17', 'Who have the telephone number of the captain of women tennis team?',now(),'1134', '1', '1');

INSERT INTO Queries(
    Query_Id,
    Query_Desc,
    Posted_Date,
    User_id,
    Resolved,
    IsActive
) values ('18', 'Who have the telephone number of the captain of women table-tennis team?',now(),'1135', '1', '1');

INSERT INTO Queries(
    Query_Id,
    Query_Desc,
    Posted_Date,
    User_id,
    Resolved,
    IsActive
) values ('19', 'Where to find an internship in a bank?',now(),'1135', '0', '1');

INSERT INTO Queries(
    Query_Id,
    Query_Desc,
    Posted_Date,
    User_id,
    Resolved,
    IsActive
) values ('20', 'Where to find an internship in an IT company?',now(),'1136', '0', '1');

INSERT INTO Query_detail(
    Query_detail_id,
    Query_Id,
    Category_ID
) values ('105','15','11');

INSERT INTO Query_detail(
    Query_detail_id,
    Query_Id,
    Category_ID
) values ('118','16','11');

INSERT INTO Query_detail(
    Query_detail_id,
    Query_Id,
    Category_ID
) values ('119','16','21');

INSERT INTO Query_detail(
    Query_detail_id,
    Query_Id,
    Category_ID
) values ('120','17','21');

INSERT INTO Query_detail(
    Query_detail_id,
    Query_Id,
    Category_ID
) values ('121','17','10');

INSERT INTO Query_detail(
    Query_detail_id,
    Query_Id,
    Category_ID
) values ('122','18','21');




INSERT INTO Comments(
    Comment_ID,
	Comment_Date,
    User_id,
    Commented_On,
    Query_Id,
    Comment_desc
) VALUES ('17', NOW(), '1133', '2','11',"Wanna know, too");

INSERT INTO Comments(
    Comment_ID,
	Comment_Date,
    User_id,
    Commented_On,
    Query_Id,
    Comment_desc
) VALUES ('19', NOW(), '1133', '1','11',"Wanna know, too");

INSERT INTO Comments(
    Comment_ID,
	Comment_Date,
    User_id,
    Commented_On,
    Query_Id,
    Comment_desc
) VALUES ('18', NOW(), '1134', '4','12',"Wanna know, too");

INSERT INTO Comments(
    Comment_ID,
	Comment_Date,
    User_id,
    Commented_On,
    Query_Id,
    Comment_desc
) VALUES ('20', NOW(), '1134', '1','13',"Don't know, bro");

INSERT INTO Comments(
    Comment_ID,
	Comment_Date,
    User_id,
    Commented_On,
    Query_Id,
    Comment_desc
) VALUES ('21', NOW(), '1135', '6','13',"Wanna know, too");


INSERT INTO Comments(
    Comment_ID,
	Comment_Date,
    User_id,
    Commented_On,
    Query_Id,
    Comment_desc
) VALUES ('22', NOW(), '1136', '5','10',"You can find a dealer");

INSERT INTO Comments(
    Comment_ID,
	Comment_Date,
    User_id,
    Commented_On,
    Query_Id,
    Comment_desc
) VALUES ('23', NOW(), '1137', '2','10',"Dealer? Where to find ond?");

INSERT INTO Comments(
    Comment_ID,
	Comment_Date,
    User_id,
    Commented_On,
    Query_Id,
    Comment_desc
) VALUES ('24', NOW(), '1138', '6','10',"Carfax is better I guess.");

INSERT INTO Comments(
    Comment_ID,
	Comment_Date,
    User_id,
    Commented_On,
    Query_Id,
    Comment_desc
) VALUES ('25', NOW(), '1139', '4','11',"Carfax realy helps, bro.");

INSERT INTO Comments(
    Comment_ID,
	Comment_Date,
    User_id,
    Commented_On,
    Query_Id,
    Comment_desc
) VALUES ('26', NOW(), '1139', '1','12',"Why you want that, bro.");

INSERT INTO Comments(
    Comment_ID,
	Comment_Date,
    User_id,
    Commented_On,
    Query_Id,
    Comment_desc
) VALUES ('27', NOW(), '1140', '3','14',"Hah-ha");

INSERT INTO Comments(
    Comment_ID,
	Comment_Date,
    User_id,
    Commented_On,
    Query_Id,
    Comment_desc
) VALUES ('28', NOW(), '1143', '4','12',"I am the captain. You guys go to hell");